id,category,Shannon_hk_1,Shannon_hk_2,Shannon_hk_3,Shannon_hk_4
h01.csv,1,1.5915839994843926,2.9610326866248924,4.323325834831975,5.678329485072252
h02.csv,2,1.5690099662674168,2.9000306826426754,4.218981095901014,5.5267403068311545
