id,microstate,seq_mean,seq_median,seq_max,category
h01.csv,E,2.0736342042755345,2.0,18,1
h01.csv,B,1.8329777988464881,1.0,26,1
h01.csv,A,1.8631578947368421,1.0,16,1
h01.csv,D,2.2629562552242963,2.0,122,1
h01.csv,C,1.7768228695494843,1.0,13,1
h02.csv,E,1.0,1.0,1,2
h02.csv,C,1.7844076655052266,1.0,12,2
h02.csv,A,2.4080309093417966,2.0,23,2
h02.csv,D,2.157986111111111,2.0,15,2
h02.csv,B,1.7917065113448665,1.0,18,2
