id,category,symmetry_p,prob_a,prob_b,prob_c,prob_d,prob_e,dit_extropy,dit_shannon_entropy,markov0_p,markov1_p,markov2_p,AA,AB,AC,AD,AE,BA,BB,BC,BD,BE,CA,CB,CC,CD,CE,DA,DB,DC,DD,DE,EA,EB,EC,ED,EE
h01.csv,1,1.3298405509368562e-49,0.17570548607693742,0.19684037263918822,0.16664404133647825,0.2756359131866081,0.18517418676078803,1.2806608837245097,2.2961666355729085,0.0,2.9739233586100795e-299,7.134165148502521e-163,0.08140028168536084,0.026624357299214335,0.015662384822928508,0.03485432115524936,0.017164141114184385,0.028202474079856103,0.08945207106616213,0.015840559298162256,0.038137822198842715,0.025207445996165007,0.015467241350053453,0.016434474215608084,0.0728563913729616,0.03181687057745499,0.03006906382040013,0.030247238295633878,0.036296685954760655,0.03840084166228301,0.15383244811728972,0.01685021465782016,0.020388250666033156,0.02803278410344301,0.023883864180142877,0.01699445113777129,0.0958748366733977
h02.csv,2,2.5474553134130368e-225,0.3014406135562772,0.17800386927382023,0.14153941822704347,0.22544565743107856,0.15357044151178056,1.2720759191343802,2.2636066929463112,0.0,0.0,0.0,0.17625924134595453,0.04356387756512126,0.018698611207075243,0.03461618185586955,0.028302701582256617,0.03254335659503904,0.0786550818765978,0.013171077178193878,0.02891591238858564,0.024718441235403857,0.023967042078352794,0.008818144130449804,0.06221930491259587,0.030660540316451323,0.01587438678919367,0.04307158156567401,0.02852725765217992,0.021401920818075036,0.12097526428522076,0.011469633109928833,0.025599391971256824,0.01843950804947143,0.026048504111103436,0.010277758584951288,0.07319664202307745
