,start_time,duration,description
0,1.1328473239436618,3.156191549295774,BAD_
1,6.492736901408451,2.034616338028167,BAD_
2,8.589349859154929,0.25925859154929576,BAD_
