,start_time,duration,description
0,4.041052394366197,2.513681126760563,BAD_
1,8.09337690140845,1.6739087323943664,BAD_
